latitude,longitude,elevation_m,slope_pct,dist_nearest_fire_m,fires_within_5km,fires_within_10km,years_since_last_fire,max_vpd,max_wind_speed,total_precip_annual,is_high_risk
34.0271,-118.1536,196.47,4.69,23777.71,1,1,7,7.63,51.07,468.63,0
34.1889,-118.2354,393.39,0.21,24253.76,1,1,8,5.41,40.92,281.05,0
34.1287,-118.6101,309.74,9.46,3659.45,0,1,31,5.34,50.54,170.9,0
33.9311,-118.418,697.39,9.35,4429.0,0,3,4,4.86,22.32,372.83,0
34.1263,-117.5515,587.37,0.35,22751.15,0,1,21,3.2,73.18,498.81,0
33.9563,-118.1497,410.26,28.05,22391.72,2,2,2,4.53,31.28,522.93,0
34.209,-118.3126,767.8,4.41,7167.18,1,2,39,3.29,15.33,516.96,0
34.1339,-118.6046,648.64,12.27,18279.38,1,2,34,4.15,18.81,289.94,0
33.9803,-118.4862,758.63,3.93,18294.23,2,2,28,5.65,61.26,372.21,0
34.0925,-117.6349,659.13,7.4,10803.02,0,0,2,4.04,45.51,558.4,0
34.0746,-118.3158,278.98,2.87,10377.5,1,1,12,8.04,63.49,435.03,0
34.1009,-118.2818,332.35,20.52,20131.07,0,4,5,4.78,64.08,537.33,0
34.1887,-118.4843,420.09,0.07,12866.53,0,0,5,8.13,34.39,383.46,0
33.9594,-118.4884,179.51,12.14,9218.01,2,3,12,5.96,45.16,173.17,1
34.1246,-117.6838,938.52,3.27,22724.99,0,0,20,3.57,55.33,492.73,0
34.0737,-118.3096,818.24,2.71,18259.77,0,2,4,4.09,26.19,168.35,0
34.0555,-118.1653,289.49,8.94,17003.6,0,1,26,6.49,38.2,571.53,0
34.2906,-118.4796,803.78,1.48,8658.45,0,2,26,5.61,46.78,258.83,0
33.9804,-118.5717,859.67,0.98,22450.95,2,3,35,7.07,53.52,187.86,0
34.1429,-117.6051,154.05,1.76,22484.14,1,1,26,3.05,47.92,461.35,0
33.9766,-118.2447,829.38,10.55,5761.88,1,2,26,6.27,49.1,192.15,1
34.0494,-118.1732,552.11,4.58,6777.02,0,3,31,5.75,44.55,237.86,0
34.1493,-118.5088,913.14,12.82,7163.15,0,1,37,7.95,37.21,156.96,0
33.9818,-118.4872,595.44,26.36,10818.97,3,5,7,8.09,56.76,406.53,1
34.1154,-117.6561,437.59,1.02,15452.18,1,4,28,3.91,63.56,514.55,0
34.1461,-118.1887,420.4,20.18,22848.37,1,4,35,4.44,20.64,410.23,0
34.2304,-118.1761,808.08,0.37,11746.83,1,2,2,4.34,22.62,385.01,0
34.2171,-118.4569,582.51,14.7,5552.36,1,1,21,6.14,58.57,589.13,1
33.9372,-118.552,920.12,7.26,8209.32,1,2,1,7.43,56.76,334.03,1
34.0151,-117.628,913.89,1.9,4079.64,0,2,11,6.8,48.26,425.27,0
34.0299,-118.2894,186.8,5.44,6343.73,0,1,5,2.26,66.33,466.65,0
34.2082,-118.2837,468.8,6.43,2626.29,1,1,17,6.0,53.11,170.39,1
34.1537,-118.5328,663.94,4.69,15721.33,1,2,3,2.17,50.15,573.1,0
33.9477,-118.4308,874.28,8.57,9826.61,1,3,38,3.27,19.16,195.35,0
34.021,-117.4957,801.57,0.18,2542.19,1,2,1,3.83,22.09,463.53,0
34.1066,-118.304,795.47,9.91,21961.31,2,2,30,8.44,39.76,317.41,0
34.0436,-118.192,554.2,14.98,8651.93,2,4,36,7.37,34.2,552.99,0
34.2389,-118.4955,655.47,4.93,468.77,1,3,23,4.91,32.59,297.9,0
34.0738,-118.5764,503.22,11.16,18858.89,2,3,22,7.77,36.05,202.68,0
34.0778,-117.6699,208.21,1.54,19085.46,1,1,28,7.34,57.37,186.61,0
34.1248,-118.219,752.7,0.89,24668.66,0,2,39,4.45,20.01,499.72,0
34.1087,-118.3424,195.04,8.17,10720.71,1,2,19,2.77,22.05,442.14,0
34.1597,-118.5763,328.88,13.71,14667.55,1,1,34,8.26,15.73,586.45,0
34.0654,-118.4637,706.6,0.44,22300.35,2,4,25,4.95,52.65,412.94,0
34.1835,-117.5987,300.5,23.14,1327.07,0,3,11,5.01,36.2,412.65,1
33.9761,-118.2011,280.09,0.81,24364.99,2,3,27,7.92,64.35,577.41,0
34.1947,-118.2428,451.17,12.94,15412.7,0,2,2,7.27,74.24,217.69,0
34.2517,-118.5425,841.78,9.02,9646.09,3,4,3,7.28,74.98,598.49,1
34.024,-118.5057,634.94,8.11,19270.89,2,3,38,3.49,55.3,428.16,0
34.0112,-117.6715,851.32,4.43,3016.23,1,4,22,4.62,23.04,162.95,0
33.9585,-118.2164,430.47,14.07,15583.68,1,1,1,5.83,38.53,346.86,0
34.1054,-118.2534,909.62,23.45,8836.74,1,2,34,2.96,70.6,371.45,1
34.279,-118.5914,253.1,2.99,11586.57,2,3,3,2.83,24.11,212.47,0
34.0016,-118.4401,303.83,10.24,4710.63,0,2,7,2.27,25.14,275.37,0
34.0519,-117.6777,552.73,1.95,2399.82,0,1,15,6.49,17.36,509.73,0
34.0102,-118.3115,748.61,9.89,2227.62,2,2,32,3.2,27.56,316.71,0
34.2284,-118.1935,720.68,6.63,15532.72,0,2,10,7.82,45.7,389.45,0
34.2242,-118.467,166.06,1.13,11295.83,1,1,15,4.09,27.69,297.37,0
34.0802,-118.5539,619.47,1.28,22285.08,1,3,21,6.85,40.9,207.41,0
34.1846,-117.5852,231.43,3.34,9204.44,1,3,10,2.99,29.76,222.31,0
34.1137,-118.1645,478.32,2.06,7270.36,0,1,21,8.39,21.72,329.04,0
34.1061,-118.3331,893.5,34.89,21664.58,1,1,27,5.62,49.3,275.99,0
34.1431,-118.5559,241.87,14.67,4838.68,0,1,10,5.97,32.32,411.56,0
34.0831,-118.4191,941.97,1.68,12132.27,1,2,3,4.1,63.59,264.59,0
34.0075,-117.591,814.5,11.44,19053.65,1,2,37,8.27,22.46,478.89,0
34.0357,-118.2993,311.3,27.86,4694.58,0,3,32,3.06,24.86,516.56,0
34.0665,-118.2876,451.56,10.94,13172.02,0,2,18,5.01,33.08,486.42,0
34.2861,-118.5767,652.17,6.99,5958.87,1,4,37,4.18,23.36,507.31,0
34.0233,-118.4506,176.83,9.68,13429.84,2,3,30,5.7,60.75,544.54,0
34.0788,-117.4987,787.84,4.19,20567.18,0,1,16,2.97,28.76,475.01,0
34.1447,-118.2933,295.28,12.73,16100.46,1,1,14,7.9,50.0,330.38,0
34.1419,-118.2949,164.49,6.2,23692.63,0,1,24,7.67,70.93,404.31,0
34.1545,-118.6339,897.49,11.93,23077.98,1,3,29,8.02,42.05,200.96,0
34.0414,-118.4907,193.81,41.89,21004.67,0,3,16,4.18,63.17,152.08,1
34.0164,-117.6374,329.68,4.06,10074.58,2,3,18,4.94,23.45,229.37,0
34.1339,-118.2958,292.43,6.9,10589.35,1,3,26,8.25,23.92,336.58,0
34.0715,-118.2572,317.92,0.89,24922.48,1,1,30,7.84,27.31,235.81,0
34.2946,-118.5929,470.61,0.37,11907.26,1,3,18,5.64,24.31,231.87,0
34.0539,-118.4389,476.99,19.79,23663.66,0,0,26,2.17,24.37,472.19,0
34.0536,-117.5475,165.77,10.76,871.98,0,0,27,2.68,62.99,230.35,0
34.0258,-118.2172,834.56,10.58,6106.93,0,0,29,7.4,38.83,450.64,0
34.1692,-118.2479,171.23,2.29,7470.06,1,1,9,3.18,49.98,339.64,0
34.1156,-118.4742,622.24,22.32,20472.6,0,0,15,3.74,52.45,334.24,0
33.9837,-118.5539,539.94,8.03,11015.94,0,2,34,7.81,62.99,341.35,0
34.0143,-117.5749,817.94,0.23,6863.2,1,1,6,8.4,46.54,227.26,1
34.0877,-118.3404,671.14,3.18,656.09,1,2,22,7.39,27.39,154.95,1
34.1449,-118.3098,485.02,1.47,22520.46,2,3,36,4.49,46.14,171.13,0
34.2265,-118.6064,380.95,1.82,18503.23,0,1,16,4.31,58.14,283.7,0
34.0577,-118.5139,626.06,8.36,12006.05,3,3,11,2.33,44.78,418.58,0
34.1934,-117.6656,546.39,4.07,19318.62,0,0,29,6.47,41.09,260.88,0
34.0204,-118.321,883.85,17.1,20025.51,1,2,4,2.89,72.01,350.7,0
34.2274,-118.1796,326.97,2.05,13639.14,3,5,20,8.42,71.64,167.74,1
34.1491,-118.5093,387.88,12.23,23146.16,0,2,28,8.01,73.26,574.92,0
34.0829,-118.4802,334.01,6.43,21578.66,1,2,24,2.78,19.62,463.33,0
34.112,-117.6447,405.0,4.15,18174.22,0,1,31,6.07,68.16,427.14,0
33.9708,-118.1643,471.54,2.65,805.14,1,6,30,5.12,52.65,543.15,0
34.2226,-118.2285,433.7,41.4,19253.18,0,2,5,3.87,32.78,255.12,0
34.1653,-118.5715,909.97,0.43,643.27,1,2,9,7.11,20.36,337.91,0
34.0647,-118.4118,335.34,21.13,23629.35,1,1,39,8.13,53.98,423.48,0
34.1835,-117.5371,773.67,7.19,5920.61,0,0,8,4.28,18.47,586.1,0
