time,temperature_2m_max,precipitation_sum,wind_speed_10m_max,vapor_pressure_deficit_max
2023-01-01,14.6,8.5,16.8,0.77
2023-01-02,12.6,1.9,12.6,0.62
2023-01-03,12.9,4.2,15.8,0.28
2023-01-04,13.5,21.4,19.4,0.08
2023-01-05,14.7,41.0,21.7,0.41
2023-01-06,17.9,0.0,15.8,1.22
2023-01-07,18.1,0.0,15.5,1.37
2023-01-08,15.6,1.1,8.4,0.98
2023-01-09,13.3,83.0,24.2,0.41
2023-01-10,13.6,77.1,19.4,0.48
2023-01-11,15.7,0.0,11.0,0.74
2023-01-12,17.8,0.0,18.8,1.05
2023-01-13,17.1,0.0,14.3,1.02
2023-01-14,12.4,32.9,17.1,0.65
2023-01-15,12.6,6.7,16.6,0.31
2023-01-16,13.9,16.2,22.0,0.61
2023-01-17,13.5,0.0,21.8,0.88
2023-01-18,14.1,0.0,16.6,0.8
2023-01-19,13.7,3.3,21.2,0.6
2023-01-20,15.1,0.0,23.4,1.19
2023-01-21,16.9,0.0,22.6,1.25
2023-01-22,15.2,0.0,32.5,1.06
2023-01-23,16.0,0.0,24.6,1.27
2023-01-24,18.9,0.0,20.7,1.45
2023-01-25,20.1,0.0,19.7,1.7
2023-01-26,18.4,0.0,30.7,1.61
2023-01-27,19.0,0.0,20.9,1.48
2023-01-28,15.3,0.0,9.4,0.89
2023-01-29,11.7,3.1,18.3,0.57
2023-01-30,12.2,10.0,20.0,0.65
2023-01-31,15.4,0.0,29.7,1.35
2023-02-01,18.6,0.0,27.9,1.71
2023-02-02,18.2,0.0,12.3,1.56
2023-02-03,19.7,0.0,15.8,1.68
2023-02-04,21.7,0.0,14.1,1.82
2023-02-05,17.7,0.7,21.2,1.08
2023-02-06,17.5,0.0,23.9,1.42
2023-02-07,20.6,0.0,21.2,1.94
2023-02-08,23.4,0.0,20.2,2.24
2023-02-09,24.2,0.0,23.1,2.51
2023-02-10,23.1,0.0,20.9,2.29
2023-02-11,15.6,0.0,24.2,0.91
2023-02-12,15.0,0.1,17.3,1.06
2023-02-13,15.5,0.5,12.5,0.78
2023-02-14,14.7,2.5,28.1,0.94
2023-02-15,14.7,0.0,20.0,1.42
2023-02-16,16.0,0.0,21.3,1.55
2023-02-17,17.5,0.0,18.7,1.67
2023-02-18,18.9,0.0,16.1,1.87
2023-02-19,19.8,0.0,15.8,1.84
2023-02-20,23.4,0.0,15.6,2.29
2023-02-21,17.8,0.2,24.7,1.16
2023-02-22,11.7,0.4,27.4,0.91
2023-02-23,9.7,5.3,14.8,0.51
2023-02-24,10.1,84.3,30.0,0.09
2023-02-25,10.6,50.1,31.7,0.06
2023-02-26,11.4,0.1,13.0,0.66
2023-02-27,9.6,11.9,19.3,0.19
2023-02-28,12.8,8.7,18.1,0.62
2023-03-01,9.7,11.9,22.2,0.81
2023-03-02,15.1,0.0,20.3,0.98
2023-03-03,15.7,0.0,10.3,0.74
2023-03-04,12.8,0.3,15.2,0.5
2023-03-05,11.6,3.9,13.7,0.28
2023-03-06,13.6,1.0,12.0,0.71
2023-03-07,15.4,0.0,15.5,0.92
2023-03-08,15.3,0.3,8.7,0.82
2023-03-09,17.8,0.0,10.0,1.15
2023-03-10,11.8,24.6,21.0,0.27
2023-03-11,15.5,5.3,14.1,0.14
2023-03-12,19.6,0.0,12.8,0.89
2023-03-13,20.0,0.1,11.7,1.05
2023-03-14,13.0,31.9,26.6,0.03
2023-03-15,16.8,24.7,19.7,0.57
2023-03-16,15.5,0.9,10.8,0.6
2023-03-17,19.6,0.0,12.5,1.53
2023-03-18,21.4,0.0,13.2,1.9
2023-03-19,15.6,2.7,17.7,1.09
2023-03-20,15.5,1.3,15.3,0.61
2023-03-21,12.6,45.6,26.3,0.49
2023-03-22,11.0,13.0,15.8,0.25
2023-03-23,14.5,1.2,11.6,0.71
2023-03-24,16.9,0.0,24.6,1.08
2023-03-25,16.1,0.0,27.6,1.19
2023-03-26,16.0,0.0,26.4,1.18
2023-03-27,19.0,0.0,21.7,1.55
2023-03-28,19.3,0.0,13.9,1.56
2023-03-29,14.0,25.4,17.3,0.76
2023-03-30,12.3,9.6,12.3,0.52
2023-03-31,16.9,0.0,14.8,0.89
2023-04-01,20.6,0.0,12.3,1.38
2023-04-02,18.4,0.0,12.3,0.86
2023-04-03,15.0,0.3,21.2,1.16
2023-04-04,16.0,0.0,24.4,1.23
2023-04-05,18.5,0.0,20.3,1.4
2023-04-06,21.1,0.0,18.3,1.81
2023-04-07,20.5,0.0,10.8,1.48
2023-04-08,20.8,0.0,10.5,1.05
2023-04-09,25.7,0.0,8.4,1.66
2023-04-10,27.2,0.0,8.6,2.09
2023-04-11,23.0,0.0,10.4,1.35
2023-04-12,18.5,0.0,11.6,0.78
2023-04-13,14.5,4.0,13.1,0.44
2023-04-14,17.0,1.6,11.2,0.74
2023-04-15,22.5,0.0,9.9,1.42
2023-04-16,22.1,0.0,9.7,1.24
2023-04-17,20.2,0.0,13.7,1.07
2023-04-18,18.5,0.0,16.3,1.08
2023-04-19,22.2,0.0,25.2,2.25
2023-04-20,27.2,0.0,26.5,2.85
2023-04-21,30.2,0.0,22.9,3.37
2023-04-22,30.3,0.0,22.7,3.24
2023-04-23,26.6,0.0,13.1,1.89
2023-04-24,24.7,0.0,10.4,1.51
2023-04-25,23.8,0.0,12.1,1.32
2023-04-26,29.3,0.0,12.2,2.93
2023-04-27,27.8,0.0,10.7,2.07
2023-04-28,26.4,0.0,10.9,1.77
2023-04-29,29.6,0.0,9.3,2.34
2023-04-30,23.4,0.0,11.6,1.42
2023-05-01,17.1,1.1,16.3,0.77
2023-05-02,16.0,1.1,16.4,0.93
2023-05-03,16.8,0.4,16.9,1.06
2023-05-04,15.2,11.1,16.2,0.71
2023-05-05,17.7,0.8,13.9,1.03
2023-05-06,18.8,0.1,16.0,1.07
2023-05-07,20.8,0.0,14.3,1.23
2023-05-08,22.6,0.0,16.6,1.4
2023-05-09,19.5,0.4,16.7,0.95
2023-05-10,21.0,0.0,15.9,1.31
2023-05-11,21.8,0.0,13.1,1.28
2023-05-12,26.3,0.0,9.8,1.73
2023-05-13,28.6,0.0,10.5,2.06
2023-05-14,28.0,0.0,13.0,2.22
2023-05-15,27.9,0.0,11.5,2.05
2023-05-16,25.9,0.0,8.6,1.68
2023-05-17,28.7,0.0,10.6,2.05
2023-05-18,25.0,0.0,11.0,1.48
2023-05-19,24.9,0.2,10.9,1.37
2023-05-20,27.5,0.0,13.2,1.81
2023-05-21,27.9,0.3,11.3,1.9
2023-05-22,26.9,0.0,10.8,1.79
2023-05-23,21.1,0.2,12.3,0.98
2023-05-24,19.9,1.3,11.2,1.01
2023-05-25,20.3,0.2,14.4,1.24
2023-05-26,21.2,0.0,12.5,1.21
2023-05-27,23.0,0.0,12.9,1.33
2023-05-28,21.7,0.0,14.1,1.1
2023-05-29,21.3,0.8,11.5,1.14
2023-05-30,20.9,0.8,12.7,1.26
2023-05-31,19.7,0.0,11.6,0.91
2023-06-01,22.0,0.1,11.8,1.18
2023-06-02,24.0,0.0,11.3,1.49
2023-06-03,24.6,0.0,12.0,1.5
2023-06-04,24.9,0.0,13.8,1.58
2023-06-05,17.6,0.9,15.2,0.7
2023-06-06,19.7,2.5,13.4,1.07
2023-06-07,19.6,2.5,10.0,0.93
2023-06-08,24.5,0.0,13.4,1.59
2023-06-09,23.2,0.0,12.1,1.3
2023-06-10,21.7,0.0,12.6,1.02
2023-06-11,18.9,0.4,13.5,0.78
2023-06-12,21.2,0.0,14.0,1.05
2023-06-13,23.9,0.0,12.6,1.44
2023-06-14,23.4,0.0,12.3,1.27
2023-06-15,22.6,0.1,13.7,1.16
2023-06-16,26.6,0.0,9.8,1.65
2023-06-17,30.1,0.0,10.4,2.34
2023-06-18,25.6,0.0,13.7,1.66
2023-06-19,23.9,0.0,15.2,1.46
2023-06-20,26.3,0.0,15.4,2.03
2023-06-21,27.0,0.0,15.8,2.34
2023-06-22,22.0,0.1,15.9,1.55
2023-06-23,24.8,0.1,12.3,1.82
2023-06-24,25.3,0.0,14.1,2.15
2023-06-25,25.7,0.0,11.2,2.09
2023-06-26,27.0,0.0,14.8,2.22
2023-06-27,27.0,0.0,12.3,2.11
2023-06-28,25.8,0.0,10.4,1.72
2023-06-29,28.8,0.0,9.0,2.26
2023-06-30,33.5,0.0,9.8,3.21
2023-07-01,34.2,0.0,10.2,3.34
2023-07-02,33.3,0.0,11.4,3.25
2023-07-03,33.0,0.0,10.1,3.31
2023-07-04,29.5,0.0,11.1,3.01
2023-07-05,29.6,0.0,11.3,2.96
2023-07-06,28.1,0.0,11.2,2.55
2023-07-07,28.1,0.0,11.4,2.36
2023-07-08,27.8,0.0,12.7,2.19
2023-07-09,29.2,0.0,10.9,2.37
2023-07-10,32.5,0.0,11.5,4.07
2023-07-11,34.3,0.0,13.7,4.83
2023-07-12,34.9,0.0,13.5,4.85
2023-07-13,35.3,0.0,13.5,4.89
2023-07-14,36.2,0.0,11.9,4.8
2023-07-15,36.5,0.0,11.1,4.39
2023-07-16,36.1,0.0,11.6,4.13
2023-07-17,33.8,0.0,13.8,3.72
2023-07-18,35.6,0.0,12.1,4.57
2023-07-19,36.0,0.0,11.9,4.87
2023-07-20,37.5,0.0,10.5,5.21
2023-07-21,35.6,0.0,15.1,4.39
2023-07-22,36.0,0.0,11.8,4.63
2023-07-23,34.4,0.0,8.5,3.88
2023-07-24,36.5,0.0,13.4,4.09
2023-07-25,38.8,0.0,11.4,5.32
2023-07-26,38.1,0.0,12.1,5.25
2023-07-27,39.4,0.0,12.5,5.97
2023-07-28,36.1,0.0,13.0,4.17
2023-07-29,38.1,0.0,12.3,5.09
2023-07-30,35.8,0.0,13.4,3.84
2023-07-31,35.9,0.0,12.3,4.32
2023-08-01,34.2,0.0,13.0,3.78
2023-08-02,33.8,0.0,12.3,4.1
2023-08-03,32.4,0.0,14.1,3.57
2023-08-04,33.0,0.0,11.0,3.42
2023-08-05,35.8,0.0,12.0,4.08
2023-08-06,37.1,0.0,12.8,5.18
2023-08-07,33.2,0.0,16.6,4.17
2023-08-08,30.0,0.0,18.2,2.83
2023-08-09,29.1,0.0,15.0,2.17
2023-08-10,28.0,1.5,15.3,1.91
2023-08-11,29.0,0.0,13.0,2.13
2023-08-12,30.1,0.0,10.1,2.23
2023-08-13,31.6,0.0,11.1,2.47
2023-08-14,33.8,0.3,9.9,3.25
2023-08-15,36.8,0.0,10.1,4.72
2023-08-16,38.8,0.0,11.9,5.47
2023-08-17,37.0,0.0,12.4,4.8
2023-08-18,35.0,0.0,11.2,4.54
2023-08-19,29.9,1.6,15.1,2.74
2023-08-20,24.0,77.9,28.5,1.0
2023-08-21,25.1,4.3,20.2,1.32
2023-08-22,29.2,0.0,8.4,1.88
2023-08-23,31.2,0.0,8.6,2.59
2023-08-24,28.3,0.0,8.5,1.6
2023-08-25,30.8,0.0,7.0,2.25
2023-08-26,33.0,0.0,8.3,3.59
2023-08-27,37.7,0.0,8.3,5.47
2023-08-28,38.8,0.0,10.2,5.16
2023-08-29,38.1,0.0,10.4,4.98
2023-08-30,36.8,0.0,12.6,4.99
2023-08-31,30.8,0.0,15.6,2.82
2023-09-01,26.8,5.6,17.6,1.55
2023-09-02,22.8,11.9,17.1,0.71
2023-09-03,25.9,1.4,14.0,1.63
2023-09-04,27.5,0.0,13.4,1.9
2023-09-05,25.5,0.0,11.0,1.43
2023-09-06,28.2,0.0,10.9,2.22
2023-09-07,30.7,0.0,10.7,2.91
2023-09-08,34.7,0.0,12.5,4.59
2023-09-09,37.4,0.0,18.0,4.66
2023-09-10,36.4,0.6,15.1,4.46
2023-09-11,32.8,0.0,13.4,3.36
2023-09-12,31.0,0.0,12.6,3.06
2023-09-13,27.3,0.0,11.3,1.86
2023-09-14,27.4,0.0,10.9,1.87
2023-09-15,28.8,0.0,9.5,2.07
2023-09-16,28.4,0.0,10.1,1.98
2023-09-17,25.8,0.3,10.0,1.55
2023-09-18,25.5,0.0,11.7,1.78
2023-09-19,27.4,0.0,11.6,2.14
2023-09-20,26.0,0.0,14.1,1.91
2023-09-21,21.2,1.0,14.1,0.92
2023-09-22,24.2,0.0,11.4,1.63
2023-09-23,26.8,0.0,10.2,2.37
2023-09-24,29.3,0.0,10.5,2.61
2023-09-25,29.6,0.0,9.7,2.7
2023-09-26,33.0,0.0,7.8,4.07
2023-09-27,31.0,0.0,11.1,3.29
2023-09-28,27.3,0.0,10.5,1.96
2023-09-29,24.7,0.0,12.1,1.64
2023-09-30,20.1,4.2,16.7,1.02
2023-10-01,19.2,0.3,11.9,1.09
2023-10-02,23.7,0.0,15.2,1.6
2023-10-03,28.7,0.0,13.4,2.76
2023-10-04,33.2,0.0,20.5,4.09
2023-10-05,35.5,0.0,15.8,4.95
2023-10-06,36.9,0.0,17.5,5.47
2023-10-07,34.0,0.0,11.8,4.28
2023-10-08,33.5,0.0,11.4,3.99
2023-10-09,30.1,0.0,9.6,2.93
2023-10-10,24.8,0.0,10.7,1.64
2023-10-11,26.1,0.1,31.8,2.24
2023-10-12,29.3,0.0,17.3,3.45
2023-10-13,28.0,0.0,11.9,3.06
2023-10-14,30.9,0.0,10.1,3.61
2023-10-15,34.6,0.0,12.2,4.9
2023-10-16,32.5,0.0,9.4,3.73
2023-10-17,30.9,0.0,9.2,2.96
2023-10-18,34.5,0.0,11.5,4.8
2023-10-19,35.1,0.0,10.5,4.41
2023-10-20,36.2,0.0,13.6,4.9
2023-10-21,32.0,0.0,11.5,3.44
2023-10-22,23.6,0.0,14.8,1.57
2023-10-23,25.1,0.1,11.9,2.05
2023-10-24,25.5,0.0,10.1,1.67
2023-10-25,20.9,3.7,13.0,0.91
2023-10-26,23.6,0.1,11.2,1.66
2023-10-27,23.3,0.0,11.2,1.58
2023-10-28,24.7,0.0,21.7,2.44
2023-10-29,23.2,0.0,29.7,2.66
2023-10-30,26.3,0.0,31.9,3.25
2023-10-31,29.1,0.0,22.7,3.84
2023-11-01,28.9,0.0,12.7,3.73
2023-11-02,29.6,0.0,12.6,3.8
2023-11-03,29.4,0.0,9.6,3.7
2023-11-04,29.2,0.0,7.2,3.43
2023-11-05,29.1,0.0,9.0,3.26
2023-11-06,26.4,0.0,11.3,2.32
2023-11-07,20.8,1.7,25.2,1.4
2023-11-08,23.1,0.0,29.3,2.55
2023-11-09,24.3,0.0,27.6,2.79
2023-11-10,24.9,0.0,11.6,2.91
2023-11-11,27.8,0.0,13.8,3.48
2023-11-12,28.3,0.0,13.0,3.57
2023-11-13,24.4,0.0,14.6,2.58
2023-11-14,25.8,0.0,8.8,2.87
2023-11-15,21.9,13.4,15.6,2.14
2023-11-16,20.5,0.8,15.1,0.91
2023-11-17,21.7,2.3,14.6,1.38
2023-11-18,18.9,6.7,13.8,0.72
2023-11-19,17.0,0.0,36.3,1.17
2023-11-20,21.0,0.0,31.5,2.06
2023-11-21,22.8,0.0,27.4,2.14
2023-11-22,24.0,0.0,15.6,2.33
2023-11-23,20.7,0.0,11.8,1.32
2023-11-24,19.9,0.0,14.0,1.55
2023-11-25,19.4,0.0,17.1,1.79
2023-11-26,18.2,0.0,18.9,1.66
2023-11-27,20.7,0.0,16.1,2.06
2023-11-28,21.1,0.0,11.8,2.01
2023-11-29,18.3,6.1,10.0,1.22
2023-11-30,17.7,0.1,16.7,0.98
2023-12-01,16.5,0.0,27.0,1.15
2023-12-02,19.8,0.0,13.0,1.63
2023-12-03,22.9,0.0,7.4,2.1
2023-12-04,25.2,0.0,14.0,2.54
2023-12-05,26.5,0.0,15.1,2.77
2023-12-06,24.7,0.0,11.3,2.41
2023-12-07,19.4,0.0,23.6,1.44
2023-12-08,21.4,0.0,29.6,2.08
2023-12-09,20.7,0.0,25.9,2.2
2023-12-10,22.3,0.0,25.5,2.45
2023-12-11,23.7,0.0,12.9,2.54
2023-12-12,21.2,0.0,8.8,1.88
2023-12-13,21.9,0.0,18.4,2.17
2023-12-14,22.1,0.0,11.6,2.15
2023-12-15,22.8,0.0,17.6,2.28
2023-12-16,24.8,0.0,13.9,2.7
2023-12-17,24.2,0.0,14.0,2.62
2023-12-18,21.6,8.0,10.0,2.0
2023-12-19,18.4,3.8,17.9,0.67
2023-12-20,13.9,40.6,15.8,0.11
2023-12-21,14.1,38.3,18.4,0.22
2023-12-22,18.0,16.0,17.7,0.87
2023-12-23,16.5,0.0,9.3,0.63
2023-12-24,18.0,0.0,7.9,0.89
2023-12-25,19.3,0.0,9.1,1.34
2023-12-26,18.5,0.0,7.6,0.96
2023-12-27,17.8,0.0,6.7,0.96
2023-12-28,19.3,0.0,7.9,1.27
2023-12-29,16.5,0.0,8.6,0.95
2023-12-30,14.8,12.4,9.4,0.52
2023-12-31,14.1,0.0,12.8,0.44
